station_id,station_name,borough,latitude,longitude,complex_id,gtfs_stop_id,daytime_routes,line,division,structure,ada_status,upgrade_year,upgrade_source,capital_program,project_id,contract_number,construction_start_date,construction_end_date,project_cost_millions,contractor,accessibility_features,notes
2,Astoria Blvd,Queens,40.770258,-73.917843,2,R03,N W,Astoria,BMT,Elevated,accessible,2020,"Wikipedia, Astoria Post, Queens Chronicle, LiRo engineering",2015-2019 MTA Capital Program,,,,2020-07-24,,,"elevators,ADA platform boarding zones,rebuilt walkways,rebuilt staircases",Four elevators installed. Station closed 9 months (Mar-Dec 2019) for mezzanine replacement. First N/W station in Astoria to be fully ADA compliant.
9,57 St-7 Av,Manhattan,40.764664,-73.980658,9,R14,N Q R W,Broadway - Brighton,BMT,Subway,accessible,,MTA ADA station list,Key Station Program,,,,,,,elevators,ADA accessible. Key Station Program. Exact upgrade year unclear. [CONFIDENCE: LOW]
11,Times Sq-42 St,Manhattan,40.754672,-73.986754,611,R16,N Q R W,Broadway - Brighton,BMT,Subway,accessible,2022,"MTA press release, Mass Transit Magazine",2020-2024 MTA Capital Program,,,,2022-05-16,40,,"elevators,accessible street entrance","New $40M ADA-accessible entrance with elevator opened May 16, 2022. Part of private-public partnership with Jamestown/One Times Square redevelopment. Sixth ADA elevator at station."
12,34 St-Herald Sq,Manhattan,40.749567,-73.98795,607,R17,N Q R W,Broadway - Brighton,BMT,Subway,accessible,,MTA ADA station list,Key Station Program,,,,,,,elevators,ADA accessible. Herald Center elevator. Same complex as ID 227 (B/D/F/M). Exact upgrade year unclear. [CONFIDENCE: LOW]
15,14 St-Union Sq,Manhattan,40.735736,-73.990568,602,R20,N Q R W,Broadway - Brighton,BMT,Subway,accessible,,MTA ADA station list,Key Station Program,,,,,,,elevators,ADA accessible. Major interchange at Union Square. Same complex as ID 117 (L train). Exact upgrade year unclear. [CONFIDENCE: LOW]
21,Cortlandt St,Manhattan,40.710668,-74.011029,624,R25,R W,Broadway,BMT,Subway,accessible,,MTA ADA station list,Key Station Program,,,,,,,elevators,ADA accessible. Near WTC complex. Exact upgrade year unclear. [CONFIDENCE: LOW]
25,Jay St-MetroTech,Brooklyn,40.69218,-73.985942,636,R29,R,Broadway,BMT,Subway,accessible,2010,"Station renovation completion, Wikipedia",MTA Capital Program,,,,2010-12-10,164.5,,"elevators, escalators",Part of $164.5M Jay St-MetroTech renovation connecting two formerly separate stations into a unified complex. Three ADA-compliant elevators and two escalators installed. Cost is for entire complex shared across station IDs 25 and 174.
26,DeKalb Av,Brooklyn,40.690635,-73.981824,26,R30,B Q R,Broadway - Brighton,BMT,Subway,accessible,2005,Wikipedia (DeKalb Avenue station BMT lines); MTA capital program records,2000-2004 MTA Capital Program,,,2004,2006,36,,elevators,"Major overhaul 2004-2006 designed by architect Lee Harris Pomeroy. Three elevators installed: one street-to-mezzanine on SE corner of DeKalb Ave and Flatbush Ave, two mezzanine-to-platform. $36 million renovation project. Using 2005 as midpoint of 2004-2006 construction period."
27,Atlantic Av-Barclays Ctr,Brooklyn,40.683666,-73.97881,617,R31,D N R,4th Av,BMT,Subway,accessible,2012,"Barclays Center arena opening and station overhaul, Wikipedia",MTA Capital Program,,,,2012,77.9,,elevators,"Part of major station overhaul completed 2012 coinciding with Barclays Center arena opening. Eight elevators installed at $77.9M. Cost is for entire complex shared across station IDs 27, 40, 338."
35,59 St,Brooklyn,40.641362,-74.017881,35,R41,N R,4th Av,BMT,Subway,accessible,2020,Brooklyn Reporter (November 2020); MTA press release; MTA Flickr photos,2015-2019 MTA Capital Program,,,2018,2020-11-06,55.2,,elevators,"Three ADA-accessible elevators: one mezzanine-to-street, two mezzanine-to-platform. $55.2 million contract awarded late 2018. Originally expected July 2020, delayed to November 6, 2020. Mezzanine expanded, new stairs, PA system, and fire alarms also installed."
38,86 St,Brooklyn,40.622687,-74.028398,38,R44,R,4th Av,BMT,Subway,accessible,2020,Bklyner,2015-2019 MTA Capital Program,,,,2020-08,,,elevators,"Made ADA accessible around same time as Bedford Av L station, August 2020."
39,Bay Ridge-95 St,Brooklyn,40.616622,-74.030876,39,R45,R,4th Av,BMT,Subway,accessible,2025,"Governor Hochul press release, 2025",2020-2024 MTA Capital Program,,,,,,,elevators,
40,Atlantic Av-Barclays Ctr,Brooklyn,40.68446,-73.97689,617,D24,B Q,Broadway - Brighton,BMT,Subway,accessible,2012,"Barclays Center arena opening and station overhaul, Wikipedia",MTA Capital Program,,,,2012,77.9,,elevators,"Part of major station overhaul completed 2012 coinciding with Barclays Center arena opening. Eight elevators installed at $77.9M. Cost is for entire complex shared across station IDs 27, 40, 338."
42,Prospect Park,Brooklyn,40.661614,-73.962246,42,D26,B Q S,Broadway - Brighton,BMT,Open Cut,accessible,1996,Wikipedia,1992-1999 MTA Capital Program,,,1992-11-01,1996,12,,elevators,ADA elevators go up from each platform to station house on north side of Lincoln Road overpass. Renovation Nov 1992 to 1996. $12M project.
44,Church Av,Brooklyn,40.650527,-73.962982,44,D28,B Q,Broadway - Brighton,BMT,Open Cut,accessible,2025,Wikipedia (Church Avenue station BMT Brighton Line); MTA press release; Brooklyn Eagle,2020-2024 MTA Capital Program,,,2024,2025-11-10,,ASTM/Halmar International JV,elevators,"Elevators on east side of E 18th St between Caton and Church Aves. Part of $965 million contract for 21 elevators across 8 stations awarded November 2022. Station bypassed during construction (southbound Aug-Nov 2024, northbound through Feb 2025). Elevators and new entrance opened November 10, 2025. Different from Church Av F/G (ID 356) and Church Av B/Q (ID 243)."
48,Avenue H,Brooklyn,40.62927,-73.961639,48,D32,Q,Broadway - Brighton,BMT,Open Cut,accessible,2021,MTA press release: Avenue H Station on Q Line Now Fully Accessible; Brooklyn Paper,2020-2024 MTA Capital Program,,,,2021-06,18,,ramps,ADA accessibility achieved via ramps (not elevators) due to ground-level station with landmarked 1906 wooden station house. Southbound ramp completed September 2011; northbound ramp completed June 2021. Full ADA compliance achieved 2021. First completed ADA project from the 2020-2024 Capital Plan. Total cost $18 million including $12.2 million for construction.
51,Kings Hwy,Brooklyn,40.60867,-73.957734,51,D35,B Q,Broadway - Brighton,BMT,Open Cut,accessible,2011,Wikipedia (Kings Highway station BMT Brighton Line); MTA TransitTrax records,2005-2009 MTA Capital Program,,,2009,2011,,,elevators,"Station reconstructed 2009-2011. Two elevators installed, one from each platform to the main Kings Highway station house. Platforms rebuilt and station houses rehabilitated during construction. All trains used one express track during the 2009-2011 construction period."
54,Sheepshead Bay,Brooklyn,40.586896,-73.954155,54,D39,B Q,Broadway - Brighton,BMT,Open Cut,accessible,2026,MTA press release: MTA Unveils New Entrance and Accessibility Upgrades at Sheepshead Bay Subway Station; Brooklyn Reporter (February 2026),2020-2024 MTA Capital Program,,,,2026-02-19,,,elevators,"Two new elevators connecting street level to platforms, unveiled February 19, 2026. New entrance with three turnstiles, two exit gates, two new stairs. Widened sidewalks on both sides. ADA push-button door access. Elevators designed floodproof up to 7 feet for storm resilience. New lighting, Help Points, fire prevention, speaker system."
58,Coney Island-Stillwell Av,Brooklyn,40.577422,-73.981233,58,D43,D F N Q,Sea Beach / West End / Culver / Brighton,BMT,Viaduct,accessible,2004,Wikipedia,2000-2004 MTA Capital Program,,,,2004-05-23,,,"elevators,ADA ramps","Complete station reconstruction 2001-2004. Reopened May 23, 2004. ADA-compliant ramps from platforms. Elevator reliability issues noted post-opening."
63,62 St,Brooklyn,40.626472,-73.996895,615,B16,D,West End,BMT,Elevated,accessible,2019,Wikipedia (62nd Street/New Utrecht Avenue station); Brooklyn Reporter (July 2019); MTA press materials,2015-2019 MTA Capital Program,,,2015,2019-07-19,,,elevators,"Part of the 62 St/New Utrecht Av station complex shared by Sea Beach (N) and West End (D) lines. Four ADA-accessible elevators installed, connecting N train platform up to D train platform. Elevators entered service July 19, 2019. The transfer between the two lines was closed during 2015-2019 construction. Station is in Borough Park/Bensonhurst."
68,Bay Pkwy,Brooklyn,40.601875,-73.993728,68,B21,D,West End,BMT,Elevated,accessible,2012,Wikipedia (Bay Parkway station BMT West End Line); MTA press release (August 2012),American Recovery and Reinvestment Act of 2009 (ARRA),,,,2012-08,,,elevators,"Three elevators installed: one from NW corner of 86th St and Bay Parkway to mezzanine, one from mezzanine to each platform. Funded by American Recovery and Reinvestment Act of 2009. Station rehabilitated in 2012 with new lighting, platform edges, stair rehabilitation, control area rehab, and platform windscreens. Designated 78th ADA key station in the subway system. Landmark station restored per State Historic Preservation Office requirements."
71,8 Av,Brooklyn,40.635064,-74.011719,71,N02,N,Sea Beach,BMT,Open Cut,accessible,2023,Governor Hochul press release,2020-2024 MTA Capital Program,,,,2023-07,,,elevators,
73,New Utrecht Av,Brooklyn,40.624842,-73.996353,615,N04,N,Sea Beach,BMT,Open Cut,accessible,2019,Wikipedia (62nd Street/New Utrecht Avenue station); Brooklyn Reporter (July 2019),2015-2019 MTA Capital Program,,,2015,2019-07-19,,,elevators,"Part of the 62 St/New Utrecht Av station complex. The Sea Beach Line (N train) station at New Utrecht Avenue. Four ADA-accessible elevators installed across the complex, entering service July 19, 2019. The elevators connect both the Sea Beach (N) and West End (D) platforms. The transfer between lines was closed during 2015-2019 construction."
83,Woodhaven Blvd,Queens,40.693879,-73.851576,83,J15,J Z,Jamaica,BMT,Elevated,accessible,2025,"Governor Hochul press release, 2025",2020-2024 MTA Capital Program,,,,,,,elevators,
98,Flushing Av,Brooklyn,40.70026,-73.941126,98,M12,M J,Jamaica,BMT,Elevated,accessible,,,,,,,,,,,"RESEARCH CONFLICT: The station database lists ID 98 as Flushing Av on the G/Crosstown/IND line and marks it ADA accessible. However, Wikipedia and MTA sources confirm that the Flushing Av station on the IND Crosstown Line (G train) is NOT currently ADA accessible. It is proposed for accessibility upgrades in the 2025-2029 Capital Program. The DIFFERENT Flushing Av station on the BMT Jamaica Line (J/M) WAS made accessible in 2003 with three elevators due to proximity to Woodhull Hospital. The scaffolded research file header listed this as M J/Jamaica/BMT. Possible station ID mismatch in the source data."
101,Marcy Av,Brooklyn,40.708359,-73.957757,101,M16,M J Z,Jamaica,BMT,Elevated,accessible,2024,Wikipedia (Marcy Avenue station); MTA accessibility project records,2020-2024 MTA Capital Program,,,2021-12,2024-09-03,,,elevators,"Elevators on NW and SW corners of Broadway and Marcy Ave. Original elevators announced 2002, but exact original installation date undocumented. Elevator replacement contract awarded December 2021, new elevators opened September 3, 2024, achieving full ADA compliance. Using 2024 as the definitive ADA compliance date since the original installation timeline is unclear."
105,Chambers St,Manhattan,40.713243,-74.003401,622,M21,J Z,Jamaica,BMT,Subway,accessible,,MTA ADA station list,Key Station Program,,,,,,,elevators,ADA accessible. J/Z trains on Jamaica Line. Exact upgrade year unclear. [CONFIDENCE: LOW]
106,Fulton St,Manhattan,40.710374,-74.007582,628,M22,J Z,Jamaica,BMT,Subway,accessible,2014,"Fulton Center opening, MTA project completion, Wikipedia",MTA Capital Program,,,,2014-11,1400,,"elevators, escalators","Part of $1.4B Fulton Center project. 15 elevators and 10 escalators installed across complex connecting 5 stations serving 9 lines. Cost is for entire Fulton Center complex shared across station IDs 106, 172, 332, 412."
108,Middle Village-Metropolitan Av,Queens,40.711396,-73.889601,108,M01,M,Myrtle Av,BMT,Elevated,accessible,,,,,,,,,,,ADA accessible. Terminal station at grade level. Accessibility may be inherent to station design. Exact year unclear. [CONFIDENCE: LOW]
112,Myrtle-Wyckoff Avs,Brooklyn,40.69943,-73.912385,630,M08,M,Myrtle Av,BMT,Elevated,accessible,2007,Wikipedia (Myrtle-Wyckoff Avenues station); MTA capital program records,2000-2004 MTA Capital Program,,,2004,2008,,,elevators,"Station complex renovated 2004-2008. Three elevators put into service fall 2007: one from Canarsie Line (L) to lower mezzanine, one from lower mezzanine to street level and upper mezzanine, one from upper mezzanine to Myrtle Avenue Line (M). Main station building opened April 19, 2007. This entry covers the L train (Canarsie Line) portion of the complex."
115,8 Av,Manhattan,40.739777,-74.002578,618,L01,L,Canarsie,BMT,Subway,accessible,2024,MTA press release: 14 St Station Complex Now Fully Accessible,2020-2024 MTA Capital Program,,,,2024-12,300,,elevators,"L train platform at 14 St/8 Av. Part of 14 St Complex megaproject. Same complex as IDs 166, 322, 116."
116,6 Av,Manhattan,40.737335,-73.996786,601,L02,L,Canarsie,BMT,Subway,accessible,2024,MTA press release: 14 St Station Complex Now Fully Accessible,2020-2024 MTA Capital Program,,,,2024-12,300,,elevators,"L train platform at 14 St/6 Av. Part of 14 St Complex megaproject. Same complex as IDs 166, 322, 115."
117,14 St-Union Sq,Manhattan,40.734789,-73.99073,602,L03,L,Canarsie,BMT,Subway,accessible,,MTA ADA station list,Key Station Program,,,,,,,elevators,ADA accessible. L train at Union Sq. Same complex as ID 15 (N/Q/R/W). Exact upgrade year unclear. [CONFIDENCE: LOW]
119,1 Av,Manhattan,40.730953,-73.981628,119,L06,L,Canarsie,BMT,Subway,accessible,,MTA ADA station list,Key Station Program,,,,,,,elevators,ADA accessible. L train in East Village. Exact upgrade year unclear. [CONFIDENCE: LOW]
120,Bedford Av,Brooklyn,40.717304,-73.956872,120,L08,L,Canarsie,BMT,Subway,accessible,2020,"Greenpointers, MTA press release, Wikipedia",2015-2019 MTA Capital Program,,,,2020-08-06,,,elevators,"Two new ADA elevators (street-mezzanine and mezzanine-platform) opened Aug 6, 2020."
121,Lorimer St,Brooklyn,40.714063,-73.950275,629,L10,L,Canarsie,BMT,Subway,accessible,2023,Governor Hochul press release,2020-2024 MTA Capital Program,,,,,,,elevators,
123,Grand St,Brooklyn,40.711926,-73.94067,123,L12,L,Canarsie,BMT,Subway,accessible,2023,Governor Hochul press release,2020-2024 MTA Capital Program,,,,2023-08-31,,,elevators,First accessible station in East Williamsburg.
128,Myrtle-Wyckoff Avs,Brooklyn,40.699814,-73.911586,630,L17,L,Canarsie,BMT,Subway,accessible,2007,Wikipedia (Myrtle-Wyckoff Avenues station); MTA capital program records,2000-2004 MTA Capital Program,,,2004,2008,,,elevators,"Same physical complex as ID 112. M train (Myrtle Avenue Line) platform. Three elevators put into service fall 2007, connecting L platform, lower mezzanine, street/upper mezzanine, and M platform. Station complex renovated 2004-2008. Main station building opened April 19, 2007."
135,Livonia Av,Brooklyn,40.664038,-73.900571,135,L26,L,Canarsie,BMT,Elevated,accessible,2020,MTA press release: ADA Accessible Elevators at Livonia Av Station Are Now Open,2015-2019 MTA Capital Program,,,,,,,elevators,Two new ADA-compliant elevators installed. Listed in 2015-2019 Capital Program accessibility projects. Elevators opened in 2020.
138,Canarsie-Rockaway Pkwy,Brooklyn,40.646654,-73.90185,138,L29,L,Canarsie,BMT,At Grade,accessible,1987,Wikipedia (Accessibility of the Metropolitan Transportation Authority; Canarsie-Rockaway Parkway station); MTA press release (2020 improvements),,,,,,5.48,,"ramps, ground-level access","Ground-level terminal station. One of only four wheelchair-accessible stations in the subway system before 1988, accessible by virtue of its street-level design. In 2020, MTA completed a three-part project ($5.48M) to enhance accessibility: relocated station agent booths, extended/retrofitted platform boarding areas with warning strips, reduced platform gaps, installed new ADA-compliant ramp, new lighting, signage, and PA system. Using pre-1988 as original accessible date."
139,Franklin Av,Brooklyn,40.680596,-73.955827,627,S01,S,Franklin Shuttle,BMT,Elevated,accessible,1999,"Wikipedia (Franklin Avenue station, Fulton Street; Franklin Avenue Shuttle); MTA records",1995-1999 MTA Capital Program,,,1998,1999-10-18,74,,elevators,"Franklin Avenue Shuttle station completely rebuilt 1998-1999 at cost of $74 million (covers entire shuttle line rebuild). Reopened October 18, 1999. Two elevators installed: one from shuttle platform to overpass/main fare control/southbound IND platform, plus one additional elevator. These elevators make the entire Franklin Av station complex (shuttle + A/C) ADA-accessible."
141,Park Pl,Brooklyn,40.674772,-73.957624,141,S03,S,Franklin Shuttle,BMT,Open Cut,accessible,1999,"Wikipedia (Park Place station, BMT Franklin Avenue Line; Franklin Avenue Shuttle)",1995-1999 MTA Capital Program,,,1998,1999,,,ramps,"Franklin Avenue Shuttle station rebuilt 1998-1999. ADA accessibility achieved via a long ramp from Prospect Place west of Franklin Avenue. Single side platform, single track. The rebuilt station uses a ramp rather than an elevator due to the station's configuration. Part of the $74 million shuttle line reconstruction."
143,Inwood-207 St,Manhattan,40.868072,-73.919899,143,A02,A,8th Av - Fulton St,IND,Subway,accessible,,MTA ADA station list,Key Station Program,,,,,,,elevators,ADA accessible. Terminal station for A train. MTA requested elevator funding 1995. Exact completion year unclear. [CONFIDENCE: LOW]
146,181 St,Manhattan,40.851695,-73.937969,146,A06,A,8th Av - Fulton St,IND,Subway,accessible,2023,"MTA press release, Governor Hochul",2020-2024 MTA Capital Program,,,,2023-12-07,,,"elevators,ADA-compliant ramp",Two new elevators from lower mezzanine to platform. New ADA ramp at Overlook Terrace entrance.
147,175 St,Manhattan,40.847391,-73.939704,147,A07,A,8th Av - Fulton St,IND,Subway,accessible,,MTA ADA station list,Key Station Program,,,,,,,elevators,ADA accessible. Deep station. Elevator on NE corner 177th St and Ft Washington Av. Exact upgrade year unclear. [CONFIDENCE: LOW]
148,168 St,Manhattan,40.840719,-73.939561,605,A09,A C,8th Av - Fulton St,IND,Subway,accessible,,MTA ADA station list,Key Station Program,,,,,,,elevators,ADA accessible. Complex serving A/C and 1 trains. Elevator on SE corner 168th St and St Nicholas Ave. Exact upgrade year unclear. [CONFIDENCE: LOW]
153,125 St,Manhattan,40.811109,-73.952343,153,A15,A C B D,8th Av - Fulton St,IND,Subway,accessible,,MTA ADA station list,Key Station Program,,,,,,,elevators,ADA accessible. Major Harlem station serving A/B/C/D. Elevator on SW corner 125th St and St Nicholas Ave. Exact upgrade year unclear. [CONFIDENCE: LOW]
161,59 St-Columbus Circle,Manhattan,40.768296,-73.981736,614,A24,A C B D,8th Av - Fulton St,IND,Subway,accessible,2012,"Wikipedia, Dattner Architects",2005-2009 MTA Capital Program,,,,,125,,elevators,"Renovation completed 2012, $125M project including elevators. Hearst Corp funded addition of three elevators as part of building renovation."
163,42 St-Port Authority Bus Terminal,Manhattan,40.757308,-73.989735,611,A27,A C E,8th Av - Fulton St,IND,Subway,accessible,,MTA ADA station list,Key Station Program,,,,,,,elevators,ADA accessible. Elevators inside Port Authority building. Major Midtown transit hub. Exact upgrade year unclear. [CONFIDENCE: LOW]
164,34 St-Penn Station,Manhattan,40.752287,-73.993391,164,A28,A C E,8th Av - Fulton St,IND,Subway,accessible,2023,MTA press release (January 2023),2020-2024 MTA Capital Program,,,,2023-01,,,"elevators,accessible street entrance",Four elevator replacements completed January 2023. New accessible entrance at 33rd St and 7th Ave.
166,14 St,Manhattan,40.740893,-74.00169,618,A31,A C E,8th Av - Fulton St,IND,Subway,accessible,2024,MTA press release: 14 St Station Complex Now Fully Accessible,2020-2024 MTA Capital Program,,,,2024-12,300,,elevators,"Part of 14 St Complex megaproject ($300M, including $247M federal funds). Nine new elevators total. Full complex accessibility completed Dec 2024."
167,W 4 St-Wash Sq,Manhattan,40.732338,-74.000495,167,A32,A C E,8th Av - Fulton St,IND,Subway,accessible,,MTA ADA station list,Key Station Program,,,,,,,elevators,ADA accessible. Major interchange serving A/B/C/D/E/F/M. Elevator on NE corner 3rd St and 6th Ave. Exact upgrade year unclear. [CONFIDENCE: LOW]
171,World Trade Center,Manhattan,40.712582,-74.009781,624,E01,E,8th Av - Fulton St,IND,Subway,accessible,,MTA ADA station list,Key Station Program,,,,,,,elevators,ADA accessible. WTC E train terminal. Exact year of ADA upgrade unclear. [CONFIDENCE: LOW]
172,Fulton St,Manhattan,40.710197,-74.007691,628,A38,A C,8th Av - Fulton St,IND,Subway,accessible,2014,"Fulton Center opening, MTA project completion, Wikipedia",MTA Capital Program,,,,2014-11,1400,,"elevators, escalators","Part of $1.4B Fulton Center project. 15 elevators and 10 escalators installed across complex connecting 5 stations serving 9 lines. Cost is for entire Fulton Center complex shared across station IDs 106, 172, 332, 412."
174,Jay St-MetroTech,Brooklyn,40.692338,-73.987342,636,A41,A C F,8th Av - Fulton St,IND,Subway,accessible,2010,"Station renovation completion, Wikipedia",MTA Capital Program,,,,2010-12-10,164.5,,"elevators, escalators",Part of $164.5M Jay St-MetroTech renovation connecting two formerly separate stations into a unified complex. Three ADA-compliant elevators and two escalators installed. Cost is for entire complex shared across station IDs 25 and 174.
178,Franklin Av,Brooklyn,40.68138,-73.956848,627,A45,C,8th Av - Fulton St,IND,Subway,accessible,1999,"Wikipedia (Franklin Avenue station, Fulton Street); MTA records",1995-1999 MTA Capital Program,,,1998,1999-10-18,,,elevators,"ADA accessibility achieved through elevators installed during the 1998-1999 Franklin Avenue Shuttle reconstruction project. Two elevators make the entire station complex ADA-accessible, connecting the shuttle platform, overpass, main fare control area, and the IND Fulton Street Line platforms. Different station ID from Franklin Av Shuttle (ID 139) but same physical complex. Reopened October 18, 1999."
181,Utica Av,Brooklyn,40.679364,-73.930729,181,A48,A C,8th Av - Fulton St,IND,Subway,accessible,2014,MTA press release: Utica Av AC Station Becomes the 82nd Fully ADA Accessible Subway Station; Wikipedia (Utica Avenue station),2010-2014 MTA Capital Program,,,,2014-05,,,elevators,"Three elevators installed May 2014: one near intersection of Utica Ave and Fulton St (mezzanine to street), two connecting platforms to mezzanine. Became the 82nd fully ADA-accessible subway station and 21st in Brooklyn. Additional work included ADA boarding areas with tactile warning strips, signage, customer assistance intercoms, and reconfigured control area."
188,Euclid Av,Brooklyn,40.675377,-73.872106,188,A55,A C,8th Av - Fulton St,IND,Subway,accessible,2006,Wikipedia (Euclid Avenue station IND Fulton Street Line); MTA capital program records,2000-2004 MTA Capital Program,,,2002,2006-03,14.3,Gibraltar Contracting,elevators,"Three elevators: one to the street, two between mezzanine and each platform. $6.9 million contract for elevators awarded to Gibraltar Contracting in 2002. Original completion date April 2005, delayed twice, completed by March 2006. Total project cost increased from $14.1M to $14.3M. Located at intersection of Euclid and Pitkin Avenues in East New York. Elevator on NE corner Euclid Ave and Pitkin Ave. Elevators recently modernized."
195,Ozone Park-Lefferts Blvd,Queens,40.685951,-73.825798,195,A65,A,Liberty Av,IND,Elevated,accessible,,,,,,,,,,,ADA accessible. Terminal station. Exact year of ADA upgrade unclear. [CONFIDENCE: LOW]
196,Aqueduct Racetrack,Queens,40.672097,-73.835919,196,H01,A,Rockaway,IND,At Grade,accessible,2013,Wikipedia - Aqueduct Racetrack station,,,,,2013-08-13,,,Elevator from street to platform,"Station renovated for Resorts World Casino opening (2011). Elevator added as part of renovation. Reopened August 13, 2013."
198,Howard Beach-JFK Airport,Queens,40.660476,-73.830301,198,H03,A,Rockaway,IND,At Grade,accessible,,,,,,,,,,"ADA accessible, connected to AirTrain JFK",Station is ADA accessible. Connected to AirTrain JFK. Exact year of ADA upgrade unclear from available sources. [CONFIDENCE: LOW]
203,Rockaway Park-Beach 116 St,Queens,40.580903,-73.835592,203,H15,A S,Rockaway,IND,At Grade,accessible,,,,,,,,,,At-grade station with street-level entrance,At-grade station with street-level entrance. Accessibility may be inherent to station design rather than a specific upgrade. [CONFIDENCE: LOW]
204,Beach 67 St,Queens,40.590927,-73.796924,204,H06,A,Rockaway,IND,Viaduct,accessible,2024,MTA press release,2020-2024 MTA Capital Program,,,,2024-01-11,,,"Two elevators (street to mezzanine, mezzanine to platform), new staircase, ADA platform edges, fire alarm, smoke/heat detectors, cameras in elevator cabs","Elevators finished January 11, 2024, dedicated January 19, 2024. FTA-funded project."
209,Far Rockaway-Mott Av,Queens,40.603995,-73.755405,209,H11,A,Rockaway,IND,Viaduct,accessible,2012,Wikipedia - Far Rockaway-Mott Avenue station,,,,,2012-05-11,,,"Elevators from station house to platforms, tactile warning strips","Renovated station unveiled May 11, 2012. Renovation completed before Hurricane Sandy (October 2012). Station survived Sandy."
211,Bedford Park Blvd,Bronx,40.873244,-73.887138,211,D03,B D,Concourse,IND,Subway,accessible,,,,,,,,,,elevators,ADA accessible. Exact year unclear. [CONFIDENCE: LOW]
212,Kingsbridge Rd,Bronx,40.866978,-73.893509,212,D04,B D,Concourse,IND,Subway,accessible,,,,,,,,,,elevators,ADA accessible. Exact year unclear. [CONFIDENCE: LOW]
215,Tremont Av,Bronx,40.85041,-73.905227,215,D07,B D,Concourse,IND,Subway,accessible,2023,Governor Hochul press release,2020-2024 MTA Capital Program,,,,,,,elevators,Listed under construction with expected completion by end of 2023.
219,161 St-Yankee Stadium,Bronx,40.827905,-73.925651,604,D11,B D,Concourse,IND,Subway,accessible,2002,Wikipedia,2000-2004 MTA Capital Program,,,,,,,elevators,Elevators installed in early 2000s as part of 3-year renovation. Station opened as fully accessible in late 2002. Fourth Bronx station to be fully ADA-compliant.
221,21 St-Queensbridge,Queens,40.754203,-73.942836,221,B04,M,63rd St,IND,Subway,accessible,1989,Wikipedia - 63rd Street lines,1982-1986 MTA Capital Program,,,,1989-10-29,,,"Elevators, accessible platforms",Built accessible from opening. Pre-dates ADA (1990) but designed with accessibility features. Known as 'tunnel to nowhere' 1989-2001 due to limited service before connection to Queens Boulevard lines.
222,Roosevelt Island,Manhattan,40.759145,-73.95326,222,B06,M,63rd St,IND,Subway,accessible,1989,Wikipedia - 63rd Street lines,1982-1986 MTA Capital Program,,,,1989-10-29,,,"Elevators, accessible platforms","Built accessible from opening. Pre-dates ADA (1990) but designed with accessibility features. Part of the 63rd Street Line, known as 'tunnel to nowhere' 1989-2001."
223,Lexington Av/63 St,Manhattan,40.764629,-73.966113,223,B08,M Q,63rd St,IND,Subway,accessible,1989,Wikipedia - 63rd Street lines,1982-1986 MTA Capital Program,,,,1989-10-29,,,"Elevators, accessible platforms","Built accessible from opening. Pre-dates ADA (1990) but designed with accessibility features. Part of the 63rd Street Line, known as 'tunnel to nowhere' 1989-2001."
225,47-50 Sts-Rockefeller Ctr,Manhattan,40.758663,-73.981329,225,D15,B D F M,6th Av - Culver,IND,Subway,accessible,,MTA ADA station list,Key Station Program,,,,,,,elevators,ADA accessible. Midtown station at Rockefeller Center. Exact upgrade year unclear. [CONFIDENCE: LOW]
227,34 St-Herald Sq,Manhattan,40.749719,-73.987823,607,D17,B D F M,6th Av - Culver,IND,Subway,accessible,,MTA ADA station list,Key Station Program,,,,,,,elevators,ADA accessible. Same complex as ID 12 (N/Q/R/W). Herald Center elevator. Exact upgrade year unclear. [CONFIDENCE: LOW]
229,14 St,Manhattan,40.738228,-73.996209,601,D19,F M,6th Av - Culver,IND,Subway,accessible,2024,MTA press release,2020-2024 MTA Capital Program,,,,,,,elevators,Part of 14 St Complex megaproject. Three elevators connecting street to platform.
230,Broadway-Lafayette St,Manhattan,40.725297,-73.996204,619,D21,B D F M,6th Av - Culver,IND,Subway,accessible,2012,Wikipedia (Broadway-Lafayette/Bleecker St station),2005-2009 MTA Capital Program,,,,2012-09-25,50,,elevators,Same complex as Bleecker St (ID 408). Connected via elevators opened Sep 2012. Part of $50M renovation.
240,7 Av,Brooklyn,40.666271,-73.980305,240,F24,F G,6th Av - Culver,IND,Subway,accessible,2023,"MTA press release, Brownstoner",2020-2024 MTA Capital Program,,,,2023-11-21,,,"elevators,tactile strips,ADA platform boarding area",Three new elevators. Park Slope station.
243,Church Av,Brooklyn,40.644041,-73.979678,243,F27,F G,6th Av - Culver,IND,Subway,accessible,2025,"Governor Hochul press release, 2025",2020-2024 MTA Capital Program,,,,,,,elevators,
254,Jamaica-179 St,Queens,40.712646,-73.783817,254,F01,F,Queens Blvd,IND,Subway,accessible,,,,,,,,,,,ADA accessible. Terminal station. Exact year unclear. [CONFIDENCE: LOW]
259,Kew Gardens-Union Tpke,Queens,40.714441,-73.831008,259,F06,E F,Queens Blvd,IND,Subway,accessible,,,,,,,,,,,ADA accessible. Exact year unclear. [CONFIDENCE: LOW]
261,Forest Hills-71 Av,Queens,40.721691,-73.844521,261,G08,E F M R,Queens Blvd,IND,Subway,accessible,,,,,,,,,,,ADA accessible. Terminal for M and R. Exact year unclear. [CONFIDENCE: LOW]
267,Jackson Hts-Roosevelt Av,Queens,40.746644,-73.891338,616,G14,E F M R,Queens Blvd,IND,Subway,accessible,,,,,,,,,,,ADA accessible. Major interchange. Exact year unclear. [CONFIDENCE: LOW]
269,Northern Blvd,Queens,40.752885,-73.906006,269,G16,M R,Queens Blvd,IND,Subway,accessible,2025,"Governor Hochul press release, 2025; MTA press release",2020-2024 MTA Capital Program,,,,,,,elevators,
273,Queens Plaza,Queens,40.748973,-73.937243,273,G21,E F R,Queens Blvd,IND,Subway,accessible,,,,,,,,,,,ADA accessible. Exact year unclear. [CONFIDENCE: LOW]
275,Lexington Av/53 St,Manhattan,40.757552,-73.969055,612,F11,E F,Queens Blvd,IND,Subway,accessible,,MTA ADA station list,Key Station Program,,,,,,,elevators,ADA accessible. E/M trains on Queens Blvd Line in Midtown. Exact upgrade year unclear. [CONFIDENCE: LOW]
278,Jamaica Center-Parsons/Archer,Queens,40.702147,-73.801109,278,G05,E J Z,Queens - Archer,IND,Subway,accessible,1988,Wikipedia - Archer Avenue lines,1982-1986 MTA Capital Program,,,,1988-12-11,,,"Elevators, accessible platforms","Built accessible from opening. Pre-dates ADA (1990) but designed with accessibility features. All three Archer Avenue stations opened December 11, 1988."
279,Sutphin Blvd-Archer Av-JFK Airport,Queens,40.700486,-73.807969,279,G06,E J Z,Queens - Archer,IND,Subway,accessible,1988,Wikipedia - Archer Avenue lines,1982-1986 MTA Capital Program,,,,1988-12-11,,,"Elevators, accessible platforms","Built accessible from opening. Pre-dates ADA (1990) but designed with accessibility features. All three Archer Avenue stations opened December 11, 1988."
280,Jamaica-Van Wyck,Queens,40.702566,-73.816859,280,G07,E,Queens - Archer,IND,Subway,accessible,1988,Wikipedia - Archer Avenue lines,1982-1986 MTA Capital Program,,,,1988-12-11,,,"Elevators, accessible platforms","Built accessible from opening. Pre-dates ADA (1990) but designed with accessibility features. All three Archer Avenue stations opened December 11, 1988."
281,Court Sq,Queens,40.746554,-73.943832,606,G22,G,Crosstown,IND,Subway,accessible,2023,"Governor Hochul press release, Aug 2023",2020-2024 MTA Capital Program,,,,2023-07,,,elevators,Court Square G station made accessible July 2023.
283,Greenpoint Av,Brooklyn,40.731352,-73.954449,283,G26,G,Crosstown,IND,Subway,accessible,2020,MTA press release: MTA Announces Greenpoint Av G Station Now Fully Accessible; Brooklyn Paper; Wikipedia (Greenpoint Avenue station),2015-2019 MTA Capital Program,,,2018-09,2020-11,23.4,,elevators,"Three elevators: one from mezzanine to street level on eastern side of Manhattan Ave north of Greenpoint Ave, one to each platform. Construction started September 2018, completed late November 2020 (expected December 2020). 29 months to complete. Cost $23.4 million. Second elevator ever installed on the G line."
285,Metropolitan Av,Brooklyn,40.712792,-73.951418,629,G29,G,Crosstown,IND,Subway,accessible,2024,MTA press release,2020-2024 MTA Capital Program,,,,,,,elevators,Six new elevators installed across Metropolitan Av and Lorimer St complex.
295,231 St,Bronx,40.878856,-73.904834,295,104,1,Broadway - 7Av,IRT,Elevated,accessible,,,,,,,,,,elevators,ADA accessible. Exact year unclear. [CONFIDENCE: LOW]
299,Dyckman St,Manhattan,40.860531,-73.925536,299,109,1,Broadway - 7Av,IRT,Elevated,accessible,2023,"Governor Hochul press release, MTA announcement",2020-2024 MTA Capital Program,,,,2023-07,,,elevators,
310,96 St,Manhattan,40.793919,-73.972323,310,120,1 2 3,Broadway - 7Av,IRT,Subway,accessible,,MTA ADA station list,Key Station Program,,,,,,,elevators,ADA accessible. Upper West Side on Broadway-7th Ave Line. Exact upgrade year unclear. [CONFIDENCE: LOW]
313,72 St,Manhattan,40.778453,-73.98197,313,123,1 2 3,Broadway - 7Av,IRT,Subway,accessible,,MTA ADA station list,Key Station Program,,,,,,,elevators,ADA accessible. Upper West Side on Broadway-7th Ave Line. Exact upgrade year unclear. [CONFIDENCE: LOW]
314,66 St-Lincoln Center,Manhattan,40.77344,-73.982209,314,124,1,Broadway - 7Av,IRT,Subway,accessible,2025,"MTA press release, West Side Rag",2020-2024 MTA Capital Program,,,,2025,,,elevators,Two modernized elevators opened 2025. FTA funded.
315,59 St-Columbus Circle,Manhattan,40.768247,-73.981929,614,125,1,Broadway - 7Av,IRT,Subway,accessible,2012,"Wikipedia, Dattner Architects",2005-2009 MTA Capital Program,,,,,,,elevators,Same complex as ID 161. IRT platform accessible via shared elevators.
317,Times Sq-42 St,Manhattan,40.75529,-73.987495,611,127,1 2 3,Broadway - 7Av,IRT,Subway,accessible,2022,"MTA press release, Mass Transit Magazine",2020-2024 MTA Capital Program,,,,2022-05-16,,,elevators,Same complex as station ID 11. Accessibility via shared elevator infrastructure.
318,34 St-Penn Station,Manhattan,40.750373,-73.991057,318,128,1 2 3,Broadway - 7Av,IRT,Subway,accessible,2023,MTA press release (January 2023),2020-2024 MTA Capital Program,,,,2023-01,,,elevators,Same Penn Station complex as ID 164.
322,14 St,Manhattan,40.737826,-74.000201,601,132,1 2 3,Broadway - 7Av,IRT,Subway,accessible,2024,MTA press release: 14 St Station Complex Now Fully Accessible,2020-2024 MTA Capital Program,,,,2024-12,300,,elevators,"Same 14 St complex as IDs 166, 115, 116. Made accessible as part of 14 St megaproject Dec 2024."
327,Chambers St,Manhattan,40.715478,-74.009266,327,137,1 2 3,Broadway - 7Av,IRT,Subway,accessible,,MTA ADA station list,Key Station Program,,,,,,,elevators,ADA accessible. 1/2/3 trains on Broadway-7th Ave Line in Lower Manhattan. Exact upgrade year unclear. [CONFIDENCE: LOW]
328,WTC Cortlandt,Manhattan,40.711835,-74.012188,328,138,1,Broadway - 7Av,IRT,Subway,accessible,2018,MTA press release; CBS News; NPR,Federal funding + MTA Capital Program,,,,2018-09-08,,STV Inc. (engineering); Judlau Contracting (general contractor),"elevators, track-intrusion detection, fire alarms, Help Points, CCTV, countdown clocks, air conditioning, ADA-compliant entrances","Original Cortlandt Street station was destroyed on September 11, 2001. Rebuilt and reopened as WTC Cortlandt on September 8, 2018 with full ADA compliance. The rebuilt station features extensive modern safety and accessibility systems not present in the original 1918 station."
330,South Ferry,Manhattan,40.702068,-74.013664,635,142,1,Broadway - 7Av,IRT,Subway,accessible,2009,MTA; Federal 9/11 recovery funding records,Federal 9/11 recovery funding,,,,2009-03-16,530,,"2 elevators, 7 escalators, full ADA compliance","New station opened March 16, 2009, replacing the old 1905 loop station that could not accommodate full-length trains. Built ADA-accessible from day one with $530 million in federal 9/11 recovery funding. Severely damaged by Hurricane Sandy on October 29, 2012; rebuilt and reopened June 27, 2017. The 2009 date is used as the upgrade year since that is when the station first became accessible."
332,Fulton St,Manhattan,40.709416,-74.006571,628,229,2 3,Clark St,IRT,Subway,accessible,2014,"Fulton Center opening, MTA project completion, Wikipedia",MTA Capital Program,,,,2014-11,1400,,"elevators, escalators","Part of $1.4B Fulton Center project. 15 elevators and 10 escalators installed across complex connecting 5 stations serving 9 lines. Cost is for entire Fulton Center complex shared across station IDs 106, 172, 332, 412."
335,Borough Hall,Brooklyn,40.693219,-73.989998,620,232,2 3,Clark St,IRT,Subway,accessible,1993,Wikipedia (Borough Hall/Court Street station); MTA key station accessibility records,1982-1991 MTA Capital Program,,,1992,1993,,,elevators,Elevator for 2/3 train platforms located in front of Brooklyn Borough Hall on Joralemon Street. Elevator installation began 1992 as part of MTA plan to make key stations accessible; completed 1993. Single platform elevator shaft connects upper mezzanine with the New Lots-bound platform with a stop for the Manhattan-bound platform. Different from Borough Hall 4/5 (ID 415) which was made accessible in December 2025 with a separate $106 million project.
338,Atlantic Av-Barclays Ctr,Brooklyn,40.684359,-73.977666,617,235,2 3 4 5,Eastern Pky,IRT,Subway,accessible,2012,"Barclays Center arena opening and station overhaul, Wikipedia",MTA Capital Program,,,,2012,77.9,,elevators,"Part of major station overhaul completed 2012 coinciding with Barclays Center arena opening. Eight elevators installed at $77.9M. Cost is for entire complex shared across station IDs 27, 40, 338."
341,Eastern Pkwy-Brooklyn Museum,Brooklyn,40.671987,-73.964375,341,238,2 3,Eastern Pky,IRT,Subway,accessible,2020,"Web search; MTA press materials (made ADA accessible since the pandemic, since 2020)",2020-2024 MTA Capital Program,,,,,,,elevators,"Station made ADA accessible circa 2020, coinciding with early pandemic period. Part of the 2020-2024 MTA Capital Program accessibility investments."
345,Crown Hts-Utica Av,Brooklyn,40.668897,-73.932942,345,250,3 4,Eastern Pky,IRT,Subway,accessible,,Wikipedia (Crown Heights-Utica Avenue station); MTA records,,,,,,,,elevators,"Station is ADA accessible via elevator on north side of Eastern Parkway west of Utica Ave. Two narrow staircases and one elevator connect both platforms to a small upper level mezzanine. Station renovated under 1980-1984 capital plan ($106M UMTA grant in October 1983 for 11 stations including Utica Ave), and again under 1993 capital funding. Exact year of elevator installation is not documented in available sources. Likely installed during 1990s renovations but specific date unverifiable. [CONFIDENCE: LOW]"
356,Church Av,Brooklyn,40.650843,-73.949575,356,244,2 5,Nostrand,IRT,Subway,accessible,2008,Wikipedia (Church Avenue station IND Culver Line); MTA records,2000-2004 MTA Capital Program,,,,2008-07-07,,,elevators,"Three elevators installed during a 2008 renovation, opening July 7, 2008. Station on the IND Culver Line serving F and G trains at Church and McDonald Avenues in Kensington. Note: scaffolded data lists routes as 2/5 Nostrand/IRT, but user specifies F/G Culver/IND. Research covers the IND Culver Line station per user instructions. The IRT Nostrand Avenue Line Church Av (2/5) was separately made accessible in Spring 1999. Different from Church Av B/Q BMT Brighton (ID 44, accessible 2025) and Church Av B/Q (ID 243)."
359,Flatbush Av-Brooklyn College,Brooklyn,40.632836,-73.947642,359,247,2 5,Nostrand,IRT,Subway,accessible,1997,Brooklyn Paper; Wikipedia (elevator originally installed in 1997 as part of MTA ADA compliance),1992-1999 MTA Capital Program,,,,,,,elevators,Terminal station of the 2/5 lines. Elevator installed 1997 as part of MTA ADA key station compliance. Elevator replaced/modernized in 2021.
360,Pelham Bay Park,Bronx,40.852462,-73.828121,360,601,6,Pelham,IRT,Elevated,accessible,,,,,,,,,,elevators,ADA accessible. Terminal station. Exact year of ADA upgrade unclear from available sources. [CONFIDENCE: LOW]
363,Westchester Sq-E Tremont Av,Bronx,40.839892,-73.842952,363,604,6,Pelham,IRT,Elevated,accessible,2025,"Governor Hochul press release, 2025",2020-2024 MTA Capital Program,,,,,,,elevators,
366,Parkchester,Bronx,40.833226,-73.860816,366,608,6,Pelham,IRT,Elevated,accessible,,,,,,,,,,elevators,ADA accessible with elevators. Exact year unclear. [CONFIDENCE: LOW]
371,Hunts Point Av,Bronx,40.820948,-73.890549,371,613,6,Pelham,IRT,Subway,accessible,,,,,,,,,,elevators,ADA accessible. Exact year of upgrade unclear. [CONFIDENCE: LOW]
373,E 149 St,Bronx,40.812118,-73.904098,373,615,6,Pelham,IRT,Subway,accessible,2023,Governor Hochul press release,2020-2024 MTA Capital Program,,,,,,,elevators,
379,Mosholu Pkwy,Bronx,40.87975,-73.884655,379,402,4,Jerome Av,IRT,Elevated,accessible,2025,"Governor Hochul press release, 2025",2020-2024 MTA Capital Program,,,,,,,elevators,
382,Fordham Rd,Bronx,40.862803,-73.901034,382,407,4,Jerome Av,IRT,Elevated,accessible,,,,,,,,,,elevators,ADA accessible with elevator on SE corner of Jerome Ave and Fordham Rd. Exact year unclear. [CONFIDENCE: LOW]
387,170 St,Bronx,40.840075,-73.917791,387,412,4,Jerome Av,IRT,Elevated,accessible,,,,,,,,,,elevators,ADA accessible with elevator on SE corner of 170 St and Jerome Ave. Exact year unclear. Listed in 2015-2019 Capital Program accessibility projects. [CONFIDENCE: LOW]
389,161 St-Yankee Stadium,Bronx,40.827994,-73.925831,604,414,4,Jerome Av,IRT,Elevated,accessible,2002,Wikipedia,2000-2004 MTA Capital Program,,,,,,,elevators,Same complex as station ID 219. IRT platform accessible via shared elevator infrastructure. Opened as fully accessible in late 2002.
392,125 St,Manhattan,40.804138,-73.937594,392,621,4 5 6,Lexington Av,IRT,Subway,accessible,,MTA ADA station list,Key Station Program,,,,,,,elevators,ADA accessible. 4/5/6 trains on Lexington Ave Line in East Harlem. Exact upgrade year unclear. [CONFIDENCE: LOW]
399,68 St-Hunter College,Manhattan,40.768141,-73.96387,399,628,6,Lexington Av,IRT,Subway,accessible,2024,"MTA press release, East Side Feed, Elevator World",2020-2024 MTA Capital Program,,,,2024-12,177,,"elevators,new stairways,wayfinding signage","Ninth subway station made accessible in 2024. Completed ahead of schedule, $21M under budget. Completed the 100 Key Station program."
401,51 St,Manhattan,40.757107,-73.97192,612,630,6,Lexington Av,IRT,Subway,accessible,,MTA ADA station list,Key Station Program,,,,,,,elevators,ADA accessible. 6 train on Lexington Ave Line in Midtown East. Exact upgrade year unclear. [CONFIDENCE: LOW]
402,Grand Central-42 St,Manhattan,40.751776,-73.976848,610,631,4 5 6,Lexington Av,IRT,Subway,accessible,2020,"MTA press release, Wikipedia",2015-2019 MTA Capital Program,,,,,,,elevators,"Major upgrades including new elevators. Part of 2015-2019 capital program with work continuing into 2020. Completed on time, $46.5M under budget."
405,23 St-Baruch College,Manhattan,40.739864,-73.986599,405,634,6,Lexington Av,IRT,Subway,accessible,,MTA ADA station list,Key Station Program,,,,,,,elevators,ADA accessible. 6 train on Lexington Ave Line near Baruch College. Exact upgrade year unclear. [CONFIDENCE: LOW]
408,Bleecker St,Manhattan,40.725915,-73.994659,619,637,6,Lexington Av,IRT,Subway,accessible,2012,Wikipedia (Broadway-Lafayette/Bleecker St station),2005-2009 MTA Capital Program,,,,2012-09-25,50,,elevators,"Free transfer from uptown IRT to IND opened Sep 25, 2012 with elevators. Part of $50M renovation announced 2005."
410,Canal St,Manhattan,40.718803,-74.000193,623,639,6,Lexington Av,IRT,Subway,accessible,,MTA ADA station list,Key Station Program,,,,,,,elevators,ADA accessible. Major interchange serving multiple lines. Elevator on NE corner Canal St and Lafayette St. Exact upgrade year unclear. [CONFIDENCE: LOW]
411,Brooklyn Bridge-City Hall,Manhattan,40.713065,-74.004131,622,640,4 5 6,Lexington Av,IRT,Subway,accessible,2020,Wikipedia,,,,,2020-09-01,,,elevators,Elevator renovation completed Sep 2020. Original elevators installed 1992.
412,Fulton St,Manhattan,40.710368,-74.009509,628,418,4 5,Lexington Av,IRT,Subway,accessible,2014,"Fulton Center opening, MTA project completion, Wikipedia",MTA Capital Program,,,,2014-11,1400,,"elevators, escalators","Part of $1.4B Fulton Center project. 15 elevators and 10 escalators installed across complex connecting 5 stations serving 9 lines. Cost is for entire Fulton Center complex shared across station IDs 106, 172, 332, 412."
414,Bowling Green,Manhattan,40.704817,-74.014065,414,420,4 5,Lexington Av,IRT,Subway,accessible,2007,Wikipedia,,,,,2007-07-09,,,elevators,"Elevators opened to public July 9, 2007."
415,Borough Hall,Brooklyn,40.692404,-73.990151,620,423,4 5,Eastern Pky,IRT,Subway,accessible,2025,"Governor Hochul press release, 2025",2020-2024 MTA Capital Program,,,,,,,elevators,
418,233 St,Bronx,40.893193,-73.857473,418,205,2 5,Lenox - White Plains Rd,IRT,Elevated,accessible,,,,,,,,,,elevators,ADA accessible. Exact year unclear. [CONFIDENCE: LOW]
421,Gun Hill Rd,Bronx,40.87785,-73.866256,421,208,2 5,Lenox - White Plains Rd,IRT,Elevated,accessible,,,,,,,,,,elevators,ADA accessible. Exact year unclear. [CONFIDENCE: LOW]
424,Pelham Pkwy,Bronx,40.857192,-73.867615,424,211,2 5,Lenox - White Plains Rd,IRT,Elevated,accessible,,,,,,,,,,elevators,ADA accessible with elevator on SW corner of Pelham Pkwy and White Plains Rd. Exact year unclear. [CONFIDENCE: LOW]
426,E 180 St,Bronx,40.841894,-73.873488,426,213,2 5,Lenox - White Plains Rd,IRT,Elevated,accessible,,,,,,,,,,elevators,ADA accessible. Major interchange station. Exact year unclear. [CONFIDENCE: LOW]
430,Simpson St,Bronx,40.824073,-73.893064,430,217,2 5,Lenox - White Plains Rd,IRT,Elevated,accessible,,,,,,,,,,elevators,ADA accessible with elevators on NW and SE corners of Simpson St and Westchester Ave. Exact year unclear. [CONFIDENCE: LOW]
434,3 Av-149 St,Bronx,40.816109,-73.917757,434,221,2 5,Lenox - White Plains Rd,IRT,Subway,accessible,,,,,,,,,,elevators,ADA accessible with elevators on SW and NE corners of Southern Blvd and E 149 St. Exact year unclear. [CONFIDENCE: LOW]
438,135 St,Manhattan,40.814229,-73.94077,438,224,2 3,Lenox - White Plains Rd,IRT,Subway,accessible,,MTA ADA station list,Key Station Program,,,,,,,elevators,ADA accessible. 2/3 trains on Lenox Line in Harlem. Elevators on SW and NE corners of 135th St and Lenox Ave. Exact upgrade year unclear. [CONFIDENCE: LOW]
444,Gun Hill Rd,Bronx,40.869526,-73.846384,444,503,5,Dyre Av,IRT,Open Cut,accessible,,,,,,,,,,elevators,ADA accessible. Dyre Avenue line. Exact year unclear. [CONFIDENCE: LOW]
447,Flushing-Main St,Queens,40.7596,-73.83003,447,701,7,Flushing,IRT,Subway,accessible,2000,"Wikipedia, MTA press release",1995-1999 MTA Capital Program,,,1999,2000,,,"elevators,escalators",Terminal station. Elevator added near Lippmann Plaza exit as part of major renovation 1999-2000.
451,Junction Blvd,Queens,40.749145,-73.869527,451,707,7,Flushing,IRT,Elevated,accessible,,,,,,,,,,,ADA accessible. Exact year unclear. [CONFIDENCE: LOW]
454,74 St-Broadway,Queens,40.746848,-73.891394,616,710,7,Flushing,IRT,Elevated,accessible,,,,,,,,,,,ADA accessible. Jackson Heights area. Exact year unclear. [CONFIDENCE: LOW]
456,61 St-Woodside,Queens,40.74563,-73.902984,456,712,7,Flushing,IRT,Elevated,accessible,,,,,,,,,,,ADA accessible. LIRR connection. Exact year unclear. [CONFIDENCE: LOW]
461,Queensboro Plaza,Queens,40.750582,-73.940202,461,R09,N W,Astoria,BMT,Elevated,accessible,2025,"Governor Hochul press release, 2025; Zoning for Accessibility program",2020-2024 MTA Capital Program,,,,,,,elevators,Elevator opened April 2025 as part of Zoning for Accessibility program.
462,Court Sq,Queens,40.747023,-73.945264,606,719,7,Flushing,IRT,Elevated,accessible,,,,,,,,,,,"ADA accessible. Same complex as Court Sq G (ID 281, made accessible 2023). The 7 train platform may have had separate accessibility timeline. Exact year unclear. [CONFIDENCE: LOW]"
465,Grand Central-42 St,Manhattan,40.751431,-73.976041,610,723,7,Flushing,IRT,Subway,accessible,2020,"MTA press release, Wikipedia",2015-2019 MTA Capital Program,,,,,,,elevators,Same complex as ID 402. 7 train platform accessible via shared elevators.
467,Times Sq-42 St,Manhattan,40.755477,-73.987691,611,725,7,Flushing,IRT,Subway,accessible,2022,"MTA press release, Mass Transit Magazine",2020-2024 MTA Capital Program,,,,2022-05-16,,,elevators,Same complex as IDs 11 and 317. 7 train platform accessible via complex elevators.
468,Times Sq-42 St,Manhattan,40.755983,-73.986229,611,902,S,Lexington - Shuttle,IRT,Subway,accessible,2022,"MTA press release, Mass Transit Magazine",2020-2024 MTA Capital Program,,,,2022-05-16,,,elevators,"42nd St Shuttle platform, same complex as IDs 11, 317, and 467."
469,Grand Central-42 St,Manhattan,40.752769,-73.979189,610,901,S,Lexington - Shuttle,IRT,Subway,accessible,2020,"MTA press release, Wikipedia",2015-2019 MTA Capital Program,,,,,,,elevators,"42nd St Shuttle platform, same complex as Grand Central 4/5/6 (ID 402)."
471,34 St-Hudson Yards,Manhattan,40.755882,-74.00191,471,726,7,Flushing,IRT,Subway,accessible,2015,MTA press release; Wikipedia (7 Subway Extension),2005-2009 / 2010-2014 MTA Capital Program,,,,2015-09-13,,,"elevators, escalators, full ADA compliance","New-construction station opened September 13, 2015 as the western terminus of the 7 Line Extension. Built ADA-accessible from day one. The $2.4 billion project cost covers the entire extension (including tunneling), not this station alone."
475,96 St,Manhattan,40.784318,-73.947152,475,Q05,Q,Second Av,IND,Subway,accessible,2017,MTA Second Avenue Subway Phase 1 project page,2010-2014 / 2015-2019 MTA Capital Program,,,,2017-01-01,,,"elevators, escalators, full ADA compliance","New-construction station opened January 1, 2017 as part of Second Avenue Subway Phase 1. Built ADA-accessible from day one. The $4.45 billion Phase 1 cost covers all three new stations (96 St, 86 St, 72 St) plus tunnel and infrastructure; station-specific cost not separately reported."
476,86 St,Manhattan,40.777891,-73.951787,476,Q04,Q,Second Av,IND,Subway,accessible,2017,MTA Second Avenue Subway Phase 1 project page,2010-2014 / 2015-2019 MTA Capital Program,,,,2017-01-01,,,"elevators, escalators, full ADA compliance","New-construction station opened January 1, 2017 as part of Second Avenue Subway Phase 1. Built ADA-accessible from day one. The $4.45 billion Phase 1 cost covers all three new stations (96 St, 86 St, 72 St) plus tunnel and infrastructure; station-specific cost not separately reported."
477,72 St,Manhattan,40.768799,-73.958424,477,Q03,Q,Second Av,IND,Subway,accessible,2017,MTA Second Avenue Subway Phase 1 project page,2010-2014 / 2015-2019 MTA Capital Program,,,,2017-01-01,,,"elevators, escalators, full ADA compliance","New-construction station opened January 1, 2017 as part of Second Avenue Subway Phase 1. Built ADA-accessible from day one. The $4.45 billion Phase 1 cost covers all three new stations (96 St, 86 St, 72 St) plus tunnel and infrastructure; station-specific cost not separately reported."
501,St George,Staten Island,40.643748,-74.073643,501,S31,SIR,Staten Island,SIR,Open Cut,accessible,,,,,,,,,,"Elevators (connecting train level, main floor, and street level), ramps","Has elevator connecting train level, main floor, and street level. Exact year of ADA upgrade unclear. Major terminal station. [CONFIDENCE: LOW]"
507,Dongan Hills,Staten Island,40.588849,-74.09609,507,S25,SIR,Staten Island,SIR,Embankment,accessible,1993,Wikipedia - Staten Island Railway,,,,,1993,,,ADA accessible ramps (no elevators),Uses ramps not elevators for ADA compliance. One of earliest SIR stations made accessible.
510,New Dorp,Staten Island,40.57348,-74.11721,510,S22,SIR,Staten Island,SIR,Open Cut,accessible,2023,MTA press release,2020-2024 MTA Capital Program,,,,2023-09-19,,,Elevators,"Elevators opened September 19, 2023. First SIR station to feature elevators."
513,Great Kills,Staten Island,40.551231,-74.151399,513,S19,SIR,Staten Island,SIR,Open Cut,accessible,1997,SubwayNut - Great Kills station page,,,,,1997,,,ADA accessible ramps,Uses ramps for ADA compliance. Accessible entrance built 1997.
522,Tottenville,Staten Island,40.512764,-74.251961,522,S09,SIR,Staten Island,SIR,At Grade,accessible,,,,,,,,,,Ramp to Bentley Street,ADA accessible via ramp at south end. Exact year of ADA upgrade unclear. [CONFIDENCE: LOW]
523,Arthur Kill,Staten Island,40.516578,-74.242096,523,S11,SIR,Staten Island,SIR,At Grade,accessible,2017,Wikipedia - Arthur Kill station; NY Senate press release,,,,,2017-01-21,,,ADA accessible ramps on both sides of overpass,"Newest SIR station. Opened January 21, 2017. Built accessible from opening."
